Original ASIN,Associated ASIN,Title,Price,Currency Code,Relationship
B002GM9OT8,B004BIPLYC,Just My Size Cushion Strap Minimizer Soft Cup Bra,$17.00,USD,Also Bought
B002GM9OT8,B00551OTBK,Playtex Women's 18-Hour Ultimate Lift And Support Wire-Free Bra,$36.99,USD,Also Bought
B002GM9OT8,B00NCZ3GCE,Just My Size Women's Side & Back Smoothing Wire Free Bra,$25.01,USD,Also Bought
B002GM9OT8,B00NCZ3CPA,Just My Size Women's Gel Cushion Strap Soft Cup Bra,$27.00,USD,Also Bought
B002GM9OT8,B00NCZ3CYG,Just My Size Women's Active Lifestyle Wire Free Bra,$25.01,USD,Also Bought
B0000ASFQL,B002G9UDOG,Carhartt Men's  Duck Bib Overall Unlined,$119.90,USD,Also Bought
B0000ASFQL,B0091CC1MI,"N-Ferno 6826 Fleece Balaclava, 2-Peice, Black",$7.00,USD,Also Bought
B0000ASFQL,B002G9U38W,Carhartt Men's Acrylic Watch Hat,$17.85,USD,Also Bought
B0000ASFQL,B005HAPC24,Carhartt Men's  Arctic Quilt Lined Duck Traditional Coat,$125.00,USD,Also Bought
B0000ASFQL,B00EAN2A06,Carhartt Men's Thermal Lined Duck Active Jacket,$89.99,USD,Also Bought
B001FWXMGG,B00RTXM0J0,"Juicy Couture Couture La La, Eau de Parfum",$140.76,USD,Also Bought
B001FWXMGG,B001JQ6O72,Viva La Juicy Perfume by Juicy Couture for women Personal Fragrances,$136.00,USD,Also Bought
B001FWXMGG,B003JLL54M,HEARTS & DAGGERS For Women By CHRISTIAN AUDIGIER Eau De Parfum Spray,$88.56,USD,Also Bought
B001FWXMGG,B0072CVLVQ,Love & Luck Perfume by Christian Audigier for women Personal Fragrances,$75.00,USD,Also Bought
B001FWXMGG,B0072CXIIU,Christian Audigier Ed Hardy Born Wild Eau de Parfum,$75.00,USD,Also Bought
B00IA2NYT4,B0015AARJI,PlayStation 3 Dualshock 3 Wireless Controller (Black),$49.99,USD,Also Bought
B00IA2NYT4,B00G6MW6BW,Kingdom Hearts HD 2.5 ReMIX - PlayStation 3,Too low to display,None,Also Bought
B00IA2NYT4,B008SBZD5U,Kingdom Hearts HD 1.5 Remix,$15.56,USD,Also Bought
B00IA2NYT4,B008CP6RWU,PS3 Journey Collection,Too low to display,None,Also Bought
B00IA2NYT4,B007A7UJ4S,Ni No Kuni: Wrath of the White Witch,$12.68,USD,Also Bought
B005AZYRD6,B00EU4UXNQ,Deer Stags Men's Seattle Boot,$79.99,USD,Also Bought
B005AZYRD6,B00IXIW1H6,Stacy Adams Men's Carnaby Boot,$103.88,USD,Also Bought
B005AZYRD6,B00KS55QHO,Stacy Adams Men's Madison II Boot,$150.00,USD,Also Bought
B005AZYRD6,B001MBU47K,Giorgio Brutini Men's 66014 Boot,$90.00,USD,Also Bought
B005AZYRD6,B00JJIDWEK,Stacy Adams Men's Calum Oxford,$97.88,USD,Also Bought
B00GK62OO8,B00L2D097S,Skechers Women's Game Maker Fashion Sneaker,$75.00,USD,Also Bought
B00GK62OO8,B00913JPPI,Skechers Women's Loving Life Memory Foam Fashion Sneaker,$70.50,USD,Also Bought
B00GK62OO8,B00AIEVUDO,Skechers Women's Appeal Fashion Sneaker,$125.98,USD,Also Bought
B00GK62OO8,B00L43K034,Skechers Women's Harmony Fashion Sneaker,$78.91,USD,Also Bought
B00GK62OO8,B00E9ACTQ0,Skechers Women's Take It Easy Fashion Sneaker,$88.40,USD,Also Bought
B003XESD2M,B001B0D5T6,"ACCO Paper Clips, Economy, Non-skid, #1 Size, 100/Box, 10 Boxes (72385)",$2.86,USD,Also Bought
B003XESD2M,B00826LKTO,"Honeywell Ceramic Surround Heat Whole Room Heater w/ Remote Control - Black, HZ-445R",$60.57,USD,Also Bought
B003XESD2M,B00B9H8FK0,"Medium Binder Clips, Steel Wire, 5/8"" Cap., 1-1/4"" Wide, Black/Silver, 12/Pack, 36 Total",$1.00,USD,Also Bought
B0031SG61U,B00499EIFQ,MTECH USA 5 Pack of 16-Inch Rifle Crossbow Bolts,$23.47,USD,Also Bought
B0031SG61U,B002KDZ67M,Allen Company Crossbow Case,$27.90,USD,Also Bought
B0031SG61U,B009XXGBB2,"Extra Survival Aluminum Arrow Black 16"" 6 Piece Set",$15.25,USD,Also Bought
B0031SG61U,B00CHKIQNO,Jaguar Crs-004C Crossbow String,$8.82,USD,Also Bought
B0031SG61U,B0007TAJ0K,Allen Company Broadhead Wrench,$8.09,USD,Also Bought
B001CCTPLK,B002S0NJNK,"Brentwood Originals Brushed Twill Bedrest, Navy",$36.27,USD,Also Bought
B001CCTPLK,B004P3Y8AQ,My Ultimate Pro Multifunctional Laptop Table,$44.99,USD,Also Bought
B001CCTPLK,B000BRJD46,"X-ACTO #2 Dispenser, Large, Fine Point Blade  (X402)",$5.77,USD,Also Bought
B001CCTPLK,B004GWBHNM,iMounTek Laptop Table (LPT-1079),$20.69,USD,Also Bought
B001CCTPLK,B002S0NJMQ,"Brentwood Originals Brushed Twill Bedrest, Black",$24.97,USD,Also Bought
B004DJVXNW,B002YREJ7C,Contemporary Medium Brown Lacey Dining Room Table,$281.36,USD,Also Bought
B004DJVXNW,B004L6MXZO,Signature Design by Ashley Lacey Dining Table,$109.58,USD,Also Bought
B00594V312,B00NCZ3GC4,Just My Size Women's Cushion Strap Minimizer Wire Free Bra,$25.01,USD,Also Bought
B00594V312,B00NCZ3GBU,Just My Size Women's Comfort Strap Minimizer Soft Cup Bra,$27.00,USD,Also Bought
B00594V312,B00NCZ3CYG,Just My Size Women's Active Lifestyle Wire Free Bra,$25.01,USD,Also Bought
B00594V312,B00NCZ3CPA,Just My Size Women's Gel Cushion Strap Soft Cup Bra,$27.00,USD,Also Bought
B00594V312,B00NCZ3GJC,Just My Size Women's Super Sleek Front Close Wire Free Bra,$27.00,USD,Also Bought
B008DIIX96,B001QVQKJ2,Champion Power Equipment C40065 Mobility Kit For Model 3500W Generator,None,None,Also Bought
B0012GDMTC,B003AKHZTG,Air Climber As Seen on Tv w/ DVD,$53.00,USD,Also Bought
B0012GDMTC,B000SALE1Q,Ab Rocket Abdominal Trainer,$38.35,USD,Also Bought
B0012GDMTC,B009UZDM7O,Air Climber Red/Black,$54.99,USD,Also Bought
B0012GDMTC,B0074H4C2E,Hallmark 221700 Disney Mickey Fun and Friends Party Favor Value Pack,$7.25,USD,Also Bought
B005ZHUTKE,B000NLHXEC,"Albolene Moisturizing Cleanser, 12oz",$9.23,USD,Also Bought
B005ZHUTKE,B009HWFXTK,Adjustable Sauna Action Slimming Belt with 5 Zippers,$10.49,USD,Also Bought
B005ZHUTKE,B001NMTH8K,Valeo Slimmer Belt with Zippers,$12.96,USD,Also Bought
B005ZHUTKE,B003FHZ78A,North American Healthcare JB5702 Adjustable Slimming Belt,$2.39,USD,Also Bought
B005ZHUTKE,B00FOLS0O8,4Fit Heavy Duty Sweat Suit Sauna Exercise Gym Suit Fitness Weight Loss Anti-Rip S-6XL,$37.99,USD,Also Bought
B0082AHX00,B00902WXR2,"Clara Clark 1800 Premier Series 4pc Bed Sheet Set - King, White,",$14.79,USD,Also Bought
B0082AHX00,B00902X6T6,"Clara Clark 1800 Premier Series 4pc Bed Sheet Set - King, Beige Cream",$25.90,USD,Also Bought
B0082AHX00,B00DLYFLJC,Laurel Polyester Shower Curtain Color: Mushroom,$26.99,USD,Also Bought
B0082AHX00,B000RGVPTC,"Dream Supreme Plus Gel Fiber-Filled Pillows, King (Set of 2)",$26.22,USD,Also Bought
B000DLB2FI,B00IFGQJWY,"Keurig K45 Elite Brewing System, Coconut White",$104.45,USD,Also Bought
B000DLB2FI,B00FB4UPA0,Keurig Brewed Under the Brewer Mini K-Cup Drawer,$14.99,USD,Also Bought
B000DLB2FI,B00IFH1BXK,"Keurig K45 Elite Brewing System, Rhubarb",$103.00,USD,Also Bought
B000DLB2FI,B00CJ1HF7O,"Mr. Coffee Single Serve Coffee Brewer BVMC-KG6-001, 40-Ounce, Black",$89.50,USD,Also Bought
B000DLB2FI,B00AQ9NIO0,"Keurig K45 Elite Brewing System, Black",Too low to display,None,Also Bought
B000072UPN,B008DKV8UU,Converse Unisex All Star Hi Navy Chuck Taylor M9622 Shoes,$65.00,USD,Also Bought
B000072UPN,B0009Q1V3A,Converse Kids Chuck Taylor All Star Core Hi,$117.28,USD,Also Bought
B000072UPN,B0000ESAUL,Converse Unisex Chuck Taylor Classic Colors Sneaker,$165.39,USD,Also Bought
B000072UPN,B00UY28SBW,Converse Hi Top Black Shoes,$56.99,USD,Also Bought
B000072UPN,B00NAUMIB6,Converse Unisex Chuck Taylor All Star Hi Top Optical White Sneaker,$79.90,USD,Also Bought
B00G7LEZUW,B003ZSHDEU,"Soft Heat Micro-Plush Top Low-Voltage Electric Heated King Mattress Pad, White",$122.95,USD,Also Bought
B0015MLH1S,B0081XIJ9M,"Outward Hound 21008 PoochPouch Front Carrier For Dogs Easy-Fit Adjustable Dog Carrier, Medium, Grey",$24.99,USD,Also Bought
B0015MLH1S,B0012SOUAA,"Snoozer Roll Around 4-in-1 Pet Carrier, Black, Medium",$82.14,USD,Also Bought
B0015MLH1S,B006OLNBKU,Service Dog Cards - 50 ADA Service Dog Information Cards State Your Rights - Service Dog ADA Info Cards state your legal rights - Give them to people that don't know your rights which allow you to bring your dog anywhere,$9.95,USD,Also Bought
B0015MLH1S,B00II7195M,Alfie Pet by Petoga Couture - Set of 3 Ros Silicone Pet Expandable/Collapsible Travel Bowl - Size: 1.5 Cups,$10.99,USD,Also Bought
B0015MLH1S,B0015MFZNE,"Pet Gear I-GO2 Traveler Roller Backpack for cats and dogs, Black",$44.99,USD,Also Bought
B00GSPHSVU,B000BO585W,"Arch Chemical 61308 HTH Pool Filter Sand, 50-Pound",$1.00,USD,Also Bought
B00GSPHSVU,B000RSICZU,Hose Conversion Adapters kit for Intex 1500gph and 2500gph pumps,$29.95,USD,Also Bought
B00GSPHSVU,B004OTWEFM,"Arch Chemical HTH 66517 Salt System 3 in 1 Start Up, 4-Pound",$14.37,USD,Also Bought
B00GSPHSVU,B005QIXOY0,Intex Pool Maintentance Kit - Deluxe Edition,$30.62,USD,Also Bought
B00GSPHSVU,B002DPY196,Hayward SP1091LX Dyna-Skim Above-Ground Pool Skimmer and Accessory Kit,$30.74,USD,Also Bought
B002NGQM5G,B002NGOT88,Sunpentown Blue Dolphin Ultrasonic Humidifier,$19.74,USD,Also Bought
B00BHOMPJ2,B00BKW4V5M,Reebok Women's Royal Lumina Fashion Sneaker,$49.99,USD,Also Bought
B00BHOMPJ2,B00DZ269GY,Reebok Royal Glide Mens Running Shoe,$69.99,USD,Also Bought
B00BHOMPJ2,B00NUXCVMY,Reebok Men's Royal Trainer MT Training Shoe,$78.33,USD,Also Bought
B00BHOMPJ2,B00BK37U9U,Reebok Men's Ace Fashion Sneaker,$73.95,USD,Also Bought
B00BHOMPJ2,B00EID18L0,Fila Men's Disruptor SE Training Shoe,$60.95,USD,Also Bought
B004W4519U,B00I08JAYG,"Keurig, The Original Donut Shop, Regular, Medium Extra Bold, K-Cup packs, 72 Count",$39.95,USD,Also Bought
B004W4519U,B004JVA17I,Keurig K-Cup Green Mountain Coffee Breakfast Blend Decaf (18 k-CUPS),$10.29,USD,Also Bought
B004W4519U,B004U6HTEU,Coffee People Donut Shop DECAF 44 K-Cups,$35.98,USD,Also Bought
B004W4519U,B002HQCWYM,"Twinings English Breakfast Tea, K-Cup Portion Count for Keurig K-Cup Brewers, 24-Count",$6.60,USD,Also Bought
B004W4519U,B0033HGLTG,"Donut House Collection Donut House Decaf, K-Cup Portion Count for Keurig K-Cup Brewers, 24-Count",$12.99,USD,Also Bought
B00FSDXVO6,B00IZ79OGG,Michael Antonio Women's Lanstrong Dress Pump,$23.99,USD,Also Bought
B00FJD2PRO,B00KTXBHM8,PUMA Men's Contrast Pant,$40.00,USD,Also Bought
B00FJD2PRO,B00CBSSAB0,PUMA Women's Tazon 5 Cross-Training Shoe,$133.73,USD,Also Bought
B00FJD2PRO,B00GV3F7D0,PUMA Men's Tazon 5 Mesh Training Shoe,$65.00,USD,Also Bought
B00FJD2PRO,B0107Q9ELW,Fila Men's F-13 Weather Tech Outdoor Boot,$99.90,USD,Also Bought
B00FJD2PRO,B009ZPQIZW,PUMA Men's Cell Surin Cross-Training Shoe,$90.00,USD,Also Bought
B00200JX4C,B00200JX2O,Smithsonian Prehistoric Sea Monsters,$7.74,USD,Also Bought
B00200JX4C,B00200JX3S,Smithsonian Diggin' Up Dinosaurs T-Rex,$12.96,USD,Also Bought
B00200JX4C,B00200JX4W,Smithsonian Motor-Works,$24.95,USD,Also Bought
B00200JX4C,B00BUPFMT8,Smithsonian Science Activities Rocket Science Kit,$12.71,USD,Also Bought
B00200JX4C,B00BUPFPLI,Smithsonian Science Activities Robo Spider Kit,$11.06,USD,Also Bought
B000JQ9N3A,B001U5PY1O,Hallmark Keepsake Ornament - Kiddie Car Classics - 1924 Toledo Fire Engine #6 (2000) QX6691,$5.90,USD,Also Bought
B000JQ9N3A,B002ULIGG2,Hallmark Kiddie Car Classics Ornament - Murray Champion - 1st in Series - 1994 (QX5426),$3.25,USD,Also Bought
B000JQ9N3A,B001BNT0MY,Hallmark Keepsake Ornament - Kiddie Car Classics Murray Fire Truck (1995) QX5027,$3.49,USD,Also Bought
B000JQ9N3A,B000DZACYG,Hallmark Keepsake Ornament Kiddie Car Classics Murray Pursuit Airplane - 1996 (QX5364),$1.75,USD,Also Bought
B000JQ9N3A,B004GNNMYI,1998 Hallmark Ornament 1931 Ford Model A Roadster # 1,$4.96,USD,Also Bought
B00G3EI8QU,B00NLAADSK,Franklin Sports 2015 CFX Pro Batting Gloves,$49.99,USD,Also Bought
B00G3EI8QU,B00HPLV7PY,Lizard Skins Bat Grip,$21.12,USD,Also Bought
B00G3EI8QU,B004BJ76M6,Markwort Prohitter Batters Training Aid,$34.00,USD,Also Bought
B00G3EI8QU,B00GGV6ZDI,Tiger Stick! Brand NEW in the wrapper 4.25 OZ Hand Grip Pine Tar Baseball Bat,$8.49,USD,Also Bought
B00G3EI8QU,B00879UWFY,EvoShield Protective Wrist Guard,$48.98,USD,Also Bought
B007PK93KQ,B003O1UYHG,"VideoSecu Articulating Arm TV LCD Monitor Wall Mount, Full Motion Tilt Swivel and Rotate for Most 15"" 17"" 19"" 20"" 22"" 23"" 24"" 26"" 27"" LED TV Flat Panel Screen with VESA 100, 75 ML12B CB5",$12.69,USD,Also Bought
B00ENFVJJO,B00KVP780Y,DualShock 4 Wireless Controller for PlayStation 4 - Wave Blue,Too low to display,None,Also Bought
B00ENFVJJO,B00NP8J2LC,Need for Speed Rivals (Complete Edition) - PlayStation 4,$33.75,USD,Also Bought
B00ENFVJJO,B00KPY1GJA,FIFA 15 - PlayStation 4,$25.50,USD,Also Bought
B00ENFVJJO,B00D781Q9G,PS4 Official Sony Vertical Stand - PS4 [PlayStation 4],$18.27,USD,Also Bought
B00ENFVJJO,B00RY3GIDE,PlayStation 4 Console with Free The Last of Us Remastered Voucher,$374.97,USD,Also Bought
B0013HNL9G,B000O5FSNA,Backyard Hockey - Nintendo DS,$65.00,USD,Also Bought
B0013HNL9G,B000O5HYPA,Backyard Football - Nintendo DS,$65.90,USD,Also Bought
B0013HNL9G,B0019C6KB6,MLB Power Pros 2008 - Nintendo DS,$12.54,USD,Also Bought
B0013HNL9G,B000ERVMI8,New Super Mario Bros,$19.99,USD,Also Bought
B0013HNL9G,B0006B0O9U,Super Mario 64 DS,$29.25,USD,Also Bought
B007XVTR3K,B003JVKHEQ,Call of Duty: Black Ops - Xbox 360,$19.90,USD,Also Bought
B007XVTR3K,B001AWIP68,Call of Duty: World at War Platinum Hits - Xbox 360,$13.70,USD,Also Bought
B007XVTR3K,B00269QLI8,Call of Duty Modern Warfare 2 - Xbox 360,$17.09,USD,Also Bought
B007XVTR3K,B0050SYILE,Grand Theft Auto V - Xbox 360,$28.99,USD,Also Bought
B007XVTR3K,B00519C7CE,Call of Duty: Black Ops LTO Edition - Xbox 360,$17.36,USD,Also Bought
B002BS47L2,B002D180KG,Jambo! Safari Animal Rescue - Nintendo Wii,$27.88,USD,Also Bought
B002BS47L2,B000JV78XC,Elebits - Nintendo Wii,$17.44,USD,Also Bought
B002BS47L2,B003LDKIQ4,Go Vacation - Nintendo Wii,$18.70,USD,Also Bought
B002BS47L2,B005FEX576,Fishing Resort - Nintendo Wii,$18.14,USD,Also Bought
B002BS47L2,B000RW3V70,Sea Monsters - Nintendo Wii,$49.95,USD,Also Bought
B001AZFSCY,B0087OXXGY,Harry Potter for Kinect - Xbox 360,$16.07,USD,Also Bought
B001AZFSCY,B0000ARQMU,Harry Potter and the Sorcerer's Stone - Xbox,$99.99,USD,Also Bought
B001AZFSCY,B000930DQE,Harry Potter and the Goblet of Fire - Xbox,$29.00,USD,Also Bought
B001AZFSCY,B000O5TJTE,Harry Potter Order of the Phoenix - Xbox 360,$53.66,USD,Also Bought
B001AZFSCY,B00006IJJO,Harry Potter and the Chamber of Secrets,$54.06,USD,Also Bought
B00AY1CT3G,B003IMGC9U,NBA 2K11 - Playstation 3,$2.99,USD,Also Bought
B00AY1CT3G,B00JUFSH42,Madden NFL 15 - PlayStation 3,$24.71,USD,Also Bought
B00AY1CT3G,B006VB2UMI,Madden NFL 13 - Playstation 3,$3.64,USD,Also Bought
B00AY1CT3G,B00AY1ALVS,NCAA Football 14 - Playstation 3,$35.00,USD,Also Bought
B00AY1CT3G,B00A750QIE,MLB 13 The Show - Playstation 3,$11.18,USD,Also Bought
B00542XG96,B002I0K24E,Madden NFL 12 - Sony PSP,$26.39,USD,Also Bought
B00542XG96,B000HWPQSC,NFL Street 3 - Sony PSP,$14.95,USD,Also Bought
B00542XG96,B002BSC57U,Gran Turismo - Sony PSP,$4.89,USD,Also Bought
B00542XG96,B001KMRN0M,PlayStation Portable 3000 Core Pack System - Piano Black,$114.99,USD,Also Bought
B00542XG96,B007M6W36Y,NBA 2K13 - Sony PSP,$16.07,USD,Also Bought
B000FW9NE2,B000G75AXE,Pokemon Ranger,$75.00,USD,Also Bought
B000FW9NE2,B002FCEVYM,Pokmon Mystery Dungeon: Explorers of Sky,$64.99,USD,Also Bought
B000FW9NE2,B007RUY1NS,Pokemon Conquest,$45.99,USD,Also Bought
B000FW9NE2,B000FW57CE,Pokemon Mystery Dungeon Red Rescue Team,$51.50,USD,Also Bought
B000FW9NE2,B00YC7DZP4,Pokemon Super Mystery Dungeon - Nintendo 3DS,$39.99,USD,Also Bought
B008J16AG0,B0058LTE5S,The Black Eyed Peas Experience - Nintendo Wii,$0.01,USD,Also Bought
B008J16AG0,B0086V5UF0,Just Dance 4 - Nintendo Wii,$13.65,USD,Also Bought
B008J16AG0,B0056GJVQW,Just Dance Summer Party - Nintendo Wii,$12.95,USD,Also Bought
B008J16AG0,B002MWSY3O,Just Dance - Nintendo Wii,$10.25,USD,Also Bought
B008J16AG0,B00DJYK8XS,Zumba Fitness World Party - Nintendo Wii,$29.66,USD,Also Bought
B003TJTVO0,B001TKK3H0,Help Wanted,$14.99,USD,Also Bought
B003TJTVO0,B001SEX6EE,Wacky World of Sports - Nintendo Wii,$5.00,USD,Also Bought
B003TJTVO0,B001EAWM56,Guinness World Records: The Videogame - Nintendo Wii,$3.22,USD,Also Bought
B003TJTVO0,B000R39ISA,Dewy's Adventure - Nintendo Wii,$14.89,USD,Also Bought
B003NSECXC,B003JETPHS,"Rock Band / Guitar Hero Official Microphone (Wii, PS3, Xbox 360)",$5.90,USD,Also Bought
B003NSECXC,B0009WPZNQ,FIFA 2006 - Xbox 360,$9.99,USD,Also Bought
B003NSECXC,B001RXB4SG,Walt Disney Pictures Presents Hannah Montana The Movie - Xbox 360,$7.49,USD,Also Bought
B003NSECXC,B000B7Q4CA,NHL 2K6 - Xbox 360,$9.89,USD,Also Bought
B003NSECXC,B0012N5MUC,Madden NFL 09 - Xbox 360,$6.99,USD,Also Bought
B009DZTXQU,B00BRQN2H4,Saints Row IV,$13.00,USD,Also Bought
B009DZTXQU,B00N23Z8Q8,Saints Row IV: Re-Elected + Gat out of Hell,$25.97,USD,Also Bought
B009DZTXQU,B00L9OPPMO,Saints Row IV: National Treasure - PlayStation 3,$15.38,USD,Also Bought
B009DZTXQU,B00198PO5I,Mafia II - Playstation 3,$6.99,USD,Also Bought
B009DZTXQU,B005DZ4IL4,Saint's Row 2 - Playstation 3 (Platinum),$51.99,USD,Also Bought
B000B6ML28,B001DTHT6U,Forza 2 (Platinum Hits),$9.88,USD,Also Bought
B000B6ML28,B000UKZ20S,Project Gotham Racing 4 - Xbox 360,$6.95,USD,Also Bought
B000B6ML28,B00005NZ1J,Project Gotham Racing,$4.00,USD,Also Bought
B000B6ML28,B0000C6FKA,Project Gotham Racing 2 - Xbox,$3.28,USD,Also Bought
B000B6ML28,B002BSA2LQ,Forza Motorsport 3 - Xbox 360,$8.99,USD,Also Bought
B002I0H2G0,B0086V5V8G,Tom Clancy's Splinter Cell Blacklist - Playstation 3,$9.79,USD,Also Bought
B002I0H2G0,B0076ZQSFI,Sleeping Dogs - Playstation 3,$6.65,USD,Also Bought
B002I0H2G0,B00BMFIXKQ,Assassin's Creed IV Black Flag - Playstation 3,$6.99,USD,Also Bought
B002I0H2G0,B0050SXGU8,Crysis 3 - Playstation 3,$11.99,USD,Also Bought
B002I0H2G0,B0022TNO7I,Max Payne 3 - Playstation 3,$6.35,USD,Also Bought
B0019R4VF8,B000ERVLZ2,Cars,$24.97,USD,Also Bought
B0019R4VF8,B000FYZS8U,Family Feud - PlayStation 2,$8.37,USD,Also Bought
B0019R4VF8,B00006ZCBY,Wheel of Fortune - PlayStation 2,$27.99,USD,Also Bought
B0019R4VF8,B0019R4VEY,Monopoly - PlayStation 2 (Worldwide),$29.35,USD,Also Bought
B0019R4VF8,B000GFV00S,Ultimate Board Game Collection - PlayStation 2,$0.99,USD,Also Bought
B0036EBAHY,B003LDKHZ6,Little League World Series 2010 - Xbox 360,$11.74,USD,Also Bought
B0036EBAHY,B008YTAJLE,F1 Race Stars,$8.99,USD,Also Bought
B0036EBAHY,B003V63V2E,Backyard Sports Football: Rookie Rush - Xbox 360,$19.94,USD,Also Bought
B0036EBAHY,B002VAWXO8,MLB 2K10 - Xbox 360,$79.95,USD,Also Bought
B0036EBAHY,B002HWUUDG,Backyard Football 2010 - Xbox 360,$99.37,USD,Also Bought
B00345BY80,B00NOU4QPI,Franklin Sports Neo Classic Series Batting Gloves,$49.99,USD,Also Bought
B00345BY80,B00MHTF2Z0,EvoShield MLB Protective Wrist Guard,$32.99,USD,Also Bought
B00345BY80,B00879UWFY,EvoShield Protective Wrist Guard,$48.98,USD,Also Bought
B00345BY80,B00MHTDZK4,EvoShield A120 Batters Elbow Guard,$49.94,USD,Also Bought
B00345BY80,B005Z1TLO0,Mizuno Batters Elbow Guard,$28.32,USD,Also Bought
B00879UPTM,B00MHTF2Z0,EvoShield MLB Protective Wrist Guard,$32.99,USD,Also Bought
B00879UPTM,B00MHTDV3K,EvoShield A110 Batters Shin and Toe Guard,$54.95,USD,Also Bought
B00879UPTM,B00S1C87O0,EvoShield Prostyle Batting Gloves,$67.99,USD,Also Bought
B00879UPTM,B00GPOA88E,Lizard Skins Bat Grip,$28.93,USD,Also Bought
B00879UPTM,B00NOU4QPI,Franklin Sports Neo Classic Series Batting Gloves,$49.99,USD,Also Bought
B00CPTOB0E,B00PMC7ZFE,Evoshield Performance Mens Baseball/Softball Batting Gloves,$39.95,USD,Also Bought
B00CPTOB0E,B00C16TQ4C,EvoShield Baseball Batter's Elbow Guard,$44.99,USD,Also Bought
B00CPTOB0E,B00879UWFY,EvoShield Protective Wrist Guard,$48.98,USD,Also Bought
B00CPTOB0E,B006HCS7AK,EvoShield Compression Arm Sleeve,$48.44,USD,Also Bought
B00CPTOB0E,B00MHTDV3K,EvoShield A110 Batters Shin and Toe Guard,$54.95,USD,Also Bought
B00CF0RA4M,B00ISAT3YS,Evoshield USA Logo EvoCotton T-Shirt,$24.99,USD,Also Bought
B00CF0RA4M,B00879VML2,EvoShield Compression Wrist Sleeve with Performance Elastic Strap,$62.00,USD,Also Bought
B00CF0RA4M,B00OPDUTUO,Evoshield Mens Digi Camotraining Hoody,$34.95,USD,Also Bought
B00CF0RA4M,B00CSU7HM4,Evoshield Mens Training Hoody,$69.99,USD,Also Bought
B00CF0RA4M,B00HYW96QG,Evoshield Men's Crossed Bats TShirt ,None,None,Also Bought
B006SFRPUO,B006SRSYMU,Duofold Men's Varitherm Performance Mid Weight Thermal Long Sleeve Shirt,$30.75,USD,Also Bought
B006SFRPUO,B006SRSYMK,Duofold Men's Varitherm Performance Mid-Weight Thermal Pant,$42.67,USD,Also Bought
B006SFRPUO,B006SFRKL8,Duofold Women's Mid Weight Thermal Wicking Long Sleeve Top,$25.45,USD,Also Bought
B006SFRPUO,B00KASLRJ0,Duofold Women's Varitherm Performance Base Layer Thermal Long Sleeve Top,$37.50,USD,Also Bought
B006SFRPUO,B00KASLK1A,Duofold Women's Varitherm Performance Mid-Weight Thermal Legging,$30.80,USD,Also Bought
B000FX99F4,B0098H5MJA,Timberland PRO Men's 47001 Power Welt Waterproof Steel-Toe Boot,$175.00,USD,Also Bought
B000FX99F4,B000XEQOYE,"Timberland PRO Men's 38020 Direct Attach 6"" Soft Toe Boot",$140.00,USD,Also Bought
B000FX99F4,B0051U15E4,Carhartt Men's Cotton 3 Pack Crew Work Socks,$16.99,USD,Also Bought
B000FX99F4,B0028N7KDC,"Timberland Pro Men's Powerwelt 6"" Steel Toe Workboot",$150.00,USD,Also Bought
B000FX99F4,B000XETPPY,"Timberland PRO Men's Pitboss 6"" Steel-Toe Boot",$140.00,USD,Also Bought
B004ZD2FL0,B009U20I8S,"Kenney Deco Oil Rubbed Window Curtain Rod, 48 to 86-Inch, Bronze",$21.45,USD,Also Bought
B004ZD2FL0,B009U20I3S,"Kenney Deco Window Curtain Rod, 28 to 48-Inch, Cocoa",$11.99,USD,Also Bought
B004ZD2FL0,B001LTXRDG,"Kenney Ball Deco Window Curtain Rod, 48 to 86-Inch, Black",$14.99,USD,Also Bought
B004ZD2FL0,B002FU6NUE,"Levolor 4400779 Sphere Rod Set, 66-to-120-Inch Width, 3/4-Inch Diameter, Brushed Sienna",$25.20,USD,Also Bought
B004ZD2FL0,B002VFFSSG,"Achim Home Furnishings Metallo Lexus Curtain Rod and Finials, 28-Inch Extends to 48-Inch, Silver",$12.50,USD,Also Bought
B004NK6DFE,B00HPLV7PY,Lizard Skins Bat Grip,$21.12,USD,Also Bought
B004NK6DFE,B00NLAEZNY,Franklin Sports 2014 MLB CFX Custom Pro Batting Gloves,$44.99,USD,Also Bought
B004NK6DFE,B00C16TQ4C,EvoShield Baseball Batter's Elbow Guard,$44.99,USD,Also Bought
B004NK6DFE,B007CDZ904,Franklin Sports Neo Classic II Adult 2013 Series Batting Glove,$73.13,USD,Also Bought
B004NK6DFE,B00NOU4QPI,Franklin Sports Neo Classic Series Batting Gloves,$49.99,USD,Also Bought
B00FAW3ZPU,B00W83B21S,Lizard Skins Camo Bat Grip,$14.00,USD,Also Bought
B00FAW3ZPU,B00VQUA3G4,"Lizard Skins Camo Bat Wrap, 0.5 MM (Carolina Camo)",$12.00,USD,Also Bought
B00FAW3ZPU,B006EXD5LI,Grip-N-Rip II Softball Bat Taper - Set of 2,$9.95,USD,Also Bought
B00FAW3ZPU,B006EXD3U6,Grip-N-Rip II Softball Bat Taper,$9.95,USD,Also Bought
B00FAW3ZPU,B00GPOA88E,Lizard Skins Bat Grip,$28.93,USD,Also Bought
B00FDPZEBC,B0019GEY2Y,"SKLZ Weighted Baseballs 2-Pack (Yellow 10 oz, Black 12 oz)",$19.99,USD,Also Bought
B00EZKGKAK,B00MHT4KFS,Easton Junior Z5 2Tone Batters Helmet,$44.95,USD,Also Bought
B00EZKGKAK,B00DJBA228,Mizuno Youth Franchise 7 Mid Baseball Cleat (Little Kid/Big Kid),$49.99,USD,Also Bought
B00EZKGKAK,B00N0NGUCG,SKLZ Impact Baseballs - Limited Flight (Pack of 12),$19.62,USD,Also Bought
B00EZKGKAK,B00DU4SPH8,Wilson A500 Game Soft Baseball Glove,$62.25,USD,Also Bought
B00EZKGKAK,B00ELD6VXC,Easton 2014 S400 SL14S400 Baseball Bat (-8),$74.99,USD,Also Bought
B003Z72L1G,B005FH53XC,San Jose Sharks Official NHL 4 inch x 17 inch Plastic Street Sign by Wincraft,$2.96,USD,Also Bought
B003Z72L1G,B00FZN7OMO,"NHL San Jose Sharks Sign, 4.5 x 17-Inch",$1.96,USD,Also Bought
B003Z72L1G,B007BGA6YG,NHL San Jose Sharks Fathead Logo,$9.99,USD,Also Bought
B006K6DJ42,B008027HYC,Timex T7B896 Weekender 20mm Tan Nylon Slip-Thru Watch Strap,$12.95,USD,Also Bought
B006K6DJ42,B0083W5584,"Timex Women's T2N869 ""Weekender"" Watch with Black Nylon Band",$29.00,USD,Also Bought
B006K6DJ42,B009VOVR6W,16mm [ Red White Blue ] French Edition Nato Band Military Strap for mid size Timex Weekender,None,None,Also Bought
B006K6DJ42,B00B2I15R6,Timex Women's T2P0739J Weekender Sea Foam Green Slip Thru Nylon Strap Watch,$30.89,USD,Also Bought
B006K6DJ42,B00HYUSA74,Timex Woman's T2P370 Weekender Watch with Fabric Band,$37.97,USD,Also Bought
B0033GO2DE,B004QN2PHS,Ralph Lauren Men's the Interlock T-Shirt,$79.50,USD,Also Bought
B0033GO2DE,B00BXRE5UU,Polo Ralph Lauren the Mesh Shirt Polo,$59.99,USD,Also Bought
B0033GO2DE,B00SNMCLSG,"Polo Ralph Lauren Men Classic Fit Pony Logo T-shirt (X-Large, Charter Purple)",$59.99,USD,Also Bought
B0033GO2DE,B00SNMCM1W,"Polo Ralph Lauren Men Classic Fit Pony Logo T-shirt (Large, Charter Purple)",$59.99,USD,Also Bought
B0033GO2DE,B003L2EWGW,Polo Ralph Lauren Men Custom Fit Mesh Polo Shirt,$85.00,USD,Also Bought
B00AOCEABY,B00J3SDR5U,PUMA Women's Soleil V2 Women's Sneaker,$70.00,USD,Also Bought
B00AOCEABY,B00FLWCFHI,PUMA Women's Takala 2 Opulence Sneaker,$46.45,USD,Also Bought
B00AOCEABY,B00PAZ6UTK,PUMA Women's Soleil V2 Classic Slip-On Sneaker,$62.00,USD,Also Bought
B00AOCEABY,B00FLWBS3A,PUMA Women's Mobium Cross-Training Shoe,$75.95,USD,Also Bought
B00AOCEABY,B00750SIWU,PUMA Women's Janine Dance Shoe,$71.31,USD,Also Bought
B005NSLDBO,B002DPTQX2,Winegard TR-1518 Carryout Gray Tripod Mount,$72.00,USD,Also Bought
B005NSLDBO,B000MTXFXS,Digital Satellite Finder,$2.91,USD,Also Bought
B005NSLDBO,B002FXOG5K,Triplett 3275 SatAlign-2 Digital Satellite Finder Signal Strength Meter with Tone for DISH and DirecTV,$29.95,USD,Also Bought
B005NSLDBO,B009OWFECO,LotFancy International Digital LED Satellite Finder Meter For Dish Network Directv FTA with Built-In Compass and Buzzer Audio Tone,$12.78,USD,Also Bought
B005NSLDBO,B0017YCZOC,WINEGARD SF1000 Satellite Finder,$26.50,USD,Also Bought
B0014X7B54,B00I2XQ56U,"Snappy Trap Flexible 1 1/2 "" Drain Kit for Double Kitchen Sinks",$28.49,USD,Also Bought
B0014X7B54,B000HE6ECM,Waste King 3101 ISE Adapter Kit,$5.33,USD,Also Bought
B0014X7B54,B000HE6EOA,Waste King 1023 Universal Dishwasher Connector Kit,$4.09,USD,Also Bought
B0014X7B54,B0019VQ2RY,Oatey 31174 5-Pound Plumbers Putty,$5.85,USD,Also Bought
B0014X7B54,B0012QJ1GK,Oatey Plumber's Putty - 31166,$2.00,USD,Also Bought
B007KIWHWY,B003J7JSFY,Honeywell FC100A1037 20x25 MERV 11 Filter Media,$24.99,USD,Also Bought
B0035RNJXU,B0059MN67S,"Shock Doctor Calf-Shin Wrap (Black, One Size Fits All)",$17.29,USD,Also Bought
B0035RNJXU,B001ECRW9U,"UComfy Leg, Foot, Calf, and Ankle Massager (Squeeze and Vibration)",$249.99,USD,Also Bought
B0035RNJXU,B00DPLTIVS,Homedics Air Compression and Shiatsu Massage Cushion,$199.97,USD,Also Bought
B0035RNJXU,B0026HDURA,"Penetrex [2 Oz Jar] - The World's #1 OTC Pain Relief Therapy :: Chosen by Sufferers of Tennis Elbow, Carpal Tunnel Syndrome, Arthritis, Bursitis, Tendonitis, Plantar Fasciitis, Sciatica, Back Pain, Fibromyalgia, Shin Splints, Neuropathy, and Other Inflammation Related Ailments - Formulated with Arnica, Vitamin B6 & MSM",$19.95,USD,Also Bought
B0007QCP8M,B001B70UP6,"Victorinox SwissTool Leather Pouch, Black 33246",$8.99,USD,Also Bought
B0007QCP8M,B0022G72BK,Leatherman 931009 Bit Driver Extension,$11.95,USD,Also Bought
B0007QCP8M,B00236GUA8,Victorinox SwissTool Spirit Swiss Army Multi Tool Replacement 30342,$33.98,USD,Also Bought
B0007QCP8M,B004UOOZ6M,Victorinox SwissTool Spirit Swiss Army Multi Tool Replacement Ratchet & 5 30343,$44.81,USD,Also Bought
B0007QCP8M,B000FNIL8K,Victorinox Swiss Army SwissTool Spirit Plus Ratchet,$139.95,USD,Also Bought
B0018MRUN4,B001EPR6UC,Rockwell Jawhorse RK9100 Welding Station Accessory Attachment,$69.99,USD,Also Bought
B0018MRUN4,B007VMKI6G,Rockwell RK9034 JawStand XP Work Support Stand,$79.99,USD,Also Bought
B0018MRUN4,B000RKQ1NI,DEWALT DPG82-11C Concealer Clear Anti-Fog Dual Mold Safety Goggle,$10.25,USD,Also Bought
B0018MRUN4,B000VRML5Y,"Kreg PRS3020 True-FLEX Featherboard, Pack of 2",$29.15,USD,Also Bought
B0018MRUN4,B001DCE79O,Kreg KHC-RAC Right Angle Clamp,$24.35,USD,Also Bought
B002GM9OT8,B00NCZ3CPA,Just My Size Women's Gel Cushion Strap Soft Cup Bra,$9.78,USD,Also Viewed
B002GM9OT8,B00NCZ3D7C,Just My Size Women's Satin Stretch Wire-Free Bra,$9.45,USD,Also Viewed
B002GM9OT8,B00NCZ3CQY,Just My Size Women's Comfort Lace Hidden Shapers Bra,$9.03,USD,Also Viewed
B002GM9OT8,B004BIPLYC,Just My Size Cushion Strap Minimizer Soft Cup Bra,$16.11,USD,Also Viewed
B002GM9OT8,B00NCZ3CNC,Just My Size Women's Front Close Soft Cup Bra,$5.47,USD,Also Viewed
B0000ASFQL,B009WQB1H4,Carhartt Men's  Zip To Thigh Bib Overall Unlined,$63.13,USD,Also Viewed
B0000ASFQL,B002G9UEFE,Carhartt Men's  Quilt Lined Zip To Thigh Bib Overalls,$89.99,USD,Also Viewed
B0000ASFQL,B009WQB0G6,Carhartt Men's  Duck Carpenter Bib Overall Unlined,$59.99,USD,Also Viewed
B0000ASFQL,B000VWC99W,Dickies Men's Insulated Bib Overall,$58.92,USD,Also Viewed
B0000ASFQL,B002G9UDOG,Carhartt Men's  Duck Bib Overall Unlined,$53.99,USD,Also Viewed
B001FWXMGG,B001KOTQJQ,Christian Audigier Ed Hardy By Christian Audigier For Women. Eau De Parfum Spray 1.7-Ounces,$24.24,USD,Also Viewed
B001FWXMGG,B003JLL54M,HEARTS & DAGGERS For Women By CHRISTIAN AUDIGIER Eau De Parfum Spray,$4.48,USD,Also Viewed
B001FWXMGG,B0036H5R0C,"Christian Audigier Ed Hardy Eau De Parfum Spray for Women, 1 Ounce",$19.99,USD,Also Viewed
B001FWXMGG,B004O9TRVQ,Christian Audigier Ed Hardy Deluxe Collection Set,$25.99,USD,Also Viewed
B001FWXMGG,B0079VTWBG,ED HARDY For Women By CHRISTIAN AUDIGIER Eau De Parfum Spray,$24.97,USD,Also Viewed
B00IA2NYT4,B00FQSS61Q,PlayStation 3 The Last of Us & Batman: Arkham Origins Bundle,$270.00,USD,Also Viewed
B00IA2NYT4,B00NE5D4RE,Lego Batman 3: Beyond Gotham + The Sly Collection PlayStation 3 500GB Bundle,$224.00,USD,Also Viewed
B00IA2NYT4,B009CYJ8SA,PS3 250GB Uncharted 3: Game of the Year Bundle,$259.99,USD,Also Viewed
B00IA2NYT4,B00JC9SWSC,PS3 500GB LEGO: The Hobbit Bundle,$243.00,USD,Also Viewed
B00IA2NYT4,B00KZ4EOLM,Disney Infinity: Marvel Super Heroes (2.0 Edition) PlayStation 3 12GB Bundle,$184.99,USD,Also Viewed
B005AZYRD6,B00IXIW1H6,Stacy Adams Men's Carnaby Boot,$53.98,USD,Also Viewed
B005AZYRD6,B00J7HAZ4I,Clarks Men's Novato Mid Chukka Boot,$72.03,USD,Also Viewed
B005AZYRD6,B00C85OPOM,Steve Madden Men's Harken Chukka Boot,$43.87,USD,Also Viewed
B005AZYRD6,B00IYJUH3Y,Stacy Adams Men's Slater Chukka Boot,$29.30,USD,Also Viewed
B005AZYRD6,B00J2OVKDQ,Florsheim Men's Rockit Chukka Boot,$119.95,USD,Also Viewed
B00GK62OO8,B00GRROLD2,Skechers Women's Next Generation Fashion Sneaker,$54.99,USD,Also Viewed
B00GK62OO8,B00L32UZCM,Skechers Women's Obvious Choice Fashion Sneaker,$34.99,USD,Also Viewed
B00GK62OO8,B00913JPPI,Skechers Women's Loving Life Memory Foam Fashion Sneaker,$31.14,USD,Also Viewed
B00GK62OO8,B00L2D097S,Skechers Women's Game Maker Fashion Sneaker,$54.99,USD,Also Viewed
B00GK62OO8,B00L43K034,Skechers Women's Harmony Fashion Sneaker,$37.99,USD,Also Viewed
B003XESD2M,B00I4UVGHO,"Honeywell HCE100B Heat Bud Ceramic Heater, Black",$21.19,USD,Also Viewed
B003XESD2M,B00EQC4WRU,"Vornado SRTH Small Room Tower Heater, Black",$37.44,USD,Also Viewed
B003XESD2M,B00826LJ54,"Honeywell Deluxe Energy Smart Cool Touch Heater, Black",$55.23,USD,Also Viewed
B003XESD2M,B000TKDQ5C,Lasko 754200 Ceramic Heater with Adjustable Thermostat,$24.00,USD,Also Viewed
B003XESD2M,B006E5UDS4,Holmes Energy Saving Heater with Thermostat,$24.50,USD,Also Viewed
B0031SG61U,B00O817D9S,Yukon Tactical Ultimate Breakdown Case Black,None,None,Also Viewed
B0031SG61U,B00CHKIQNO,Jaguar Crs-004C Crossbow String,$8.82,USD,Also Viewed
B0031SG61U,B00HYKH4NA,Yukon Tactical MG0101 Mission bag black,None,None,Also Viewed
B0031SG61U,B00IGZB54G,"SA Sports Empire Terminator Recon 260 FPS Crossbow, 175-Pound, Black",$175.47,USD,Also Viewed
B0031SG61U,B00HYK6MO2,Yukon Tactical MG0061 Quick Scout - Molle Pack Black,None,None,Also Viewed
B001CCTPLK,B009NCLM8U,Origami RCTL-02 Laptop Tray with LED Light,$28.99,USD,Also Viewed
B001CCTPLK,B00A5UK9I8,"Kings Brand Foldable Adjustable Laptop Stand For Table, Sofa & Bed",$30.99,USD,Also Viewed
B001CCTPLK,B008P8EBUY,Atlantic Notebook Tray (33935843),$31.00,USD,Also Viewed
B001CCTPLK,B002JF8PS8,E-Stand LD09 W White/Black Laptop Table,$14.12,USD,Also Viewed
B001CCTPLK,B00JIKGUC0,Black Laptop Table Stand with Adjustable Legs,$30.99,USD,Also Viewed
B004DJVXNW,B0054H3ZK6,Coaster Set of 2 Parson Dining Chairs in Cream Leather Like,$137.04,USD,Also Viewed
B004DJVXNW,B005Q74XGY,"Best Selling Chocolate Brown T-Stitch Leather Dining Chair, 2-Pack",$139.77,USD,Also Viewed
B004DJVXNW,B00AF8FZMA,"Homelegance 2456S Side Chair Upholstered, Set of 2",$90.51,USD,Also Viewed
B004DJVXNW,B009TX3MQS,"Roundhill Urban Style Solid Wood Leatherette Padded Parson Chair, Black, Set of 2",$75.52,USD,Also Viewed
B004DJVXNW,B00839JJBG,"Simpli Home Cosmoplitan Deluxe Tufted Parson Chairs, Pu Leather, Dark Brown, 2-Pack",$105.18,USD,Also Viewed
B00594V312,B00NCZ3GJC,Just My Size Women's Super Sleek Front Close Wire Free Bra,$9.78,USD,Also Viewed
B00594V312,B00NCZ3IVI,Just My Size Women's Soft Support Wirefree Pocket Bra,$8.74,USD,Also Viewed
B00594V312,B00NCZ3CYG,Just My Size Women's Active Lifestyle Wire Free Bra,$9.03,USD,Also Viewed
B00594V312,B00NCZ3D7C,Just My Size Women's Satin Stretch Wire-Free Bra,$9.45,USD,Also Viewed
B00594V312,B00NCZ3CQY,Just My Size Women's Comfort Lace Hidden Shapers Bra,$9.03,USD,Also Viewed
B008DIIX96,B000NVRT2I,Generator cord: 240V L14-30 DEK 3 ft Twistlock Adapter,$42.99,USD,Also Viewed
B008DIIX96,B00DSJOGCI,"Champion Power Equipment 48033 30-Amp Generator Power Cord, 25-Feet",$64.99,USD,Also Viewed
B008DIIX96,B005Z17WLE,Champion Power Equipment No.48036 25-Feet 30-Amp Generator Power Cord,$67.53,USD,Also Viewed
B008DIIX96,B000IUHA28,"Coleman Cable 01934 3-Feet Generator Power Cord Adapter, 10/4 Splitter Y Adapter, L14-30P to (2) 10/3 Lighted 5-20R",$17.99,USD,Also Viewed
B008DIIX96,B008DIZYJS,"Champion Power Equipment 48034 30-Amp Power Cord for 120-volt Generator, 25-Feet",$44.26,USD,Also Viewed
B007Z1L448,B00E0FMOQ4,WORX WG175 32-volt Lithium MAX Cordless Grass Trimmer and Edger with Wheel Set,$133.25,USD,Also Viewed
B007Z1L448,B001A1O6RQ,Loop Hoe Edger,$37.99,USD,Also Viewed
B007Z1L448,B00HXCPC6K,"Black and Decker LST420 20-volt Max Lithium High Performance Trimmer and Edger, 12-Inch",$99.00,USD,Also Viewed
B007Z1L448,B00HH4K4I0,"Black & Decker LST400 12-Inch Lithium High Performance Trimmer and Edger, 20-volt",$89.00,USD,Also Viewed
B007Z1L448,B00HH4K4HQ,"Black & Decker LST300 12-Inch Lithium Trimmer and Edger, 20-volt",$79.00,USD,Also Viewed
B0012GDMTC,B00K6ZURAW,Maxi Climber Vertical Climber AS SEEN ON TV,$229.75,USD,Also Viewed
B0012GDMTC,B003AKHZTG,Air Climber As Seen on Tv w/ DVD,$53.00,USD,Also Viewed
B0012GDMTC,B00FA3TTX6,Soozier Aerobic Mini Twist Stepper w/ Resistance Bands - Red,$49.50,USD,Also Viewed
B0012GDMTC,B001J8SLQW,Stamina InStride Pro Electronic Stepper,$63.94,USD,Also Viewed
B0012GDMTC,B00OYBXS4Q,Air Stepper Climber Exercise Fitness Thigh Machine W/DVD Meal Plan Resistan Cord,$59.50,USD,Also Viewed
B005ZHUTKE,B009HL9702,Golds Gym waist trimmer belt - Adjustable size fits up to 50 inch waist trims...,$5.51,USD,Also Viewed
B005ZHUTKE,B00UBVYCCA,"25""-45""waistline Neoprene 6 Zipper Adjustable Weight Loss Slimming Belt Waist Trimmer",$14.69,USD,Also Viewed
B005ZHUTKE,B00O9PWGNG,"35""-60""waistline Neoprene 5 Zipper Adjustable Weight Loss Slimming Belt Waist Trimmer",$13.99,USD,Also Viewed
B005ZHUTKE,B00T3Q3G4E,"EzyFit Superior Waist Trimmer Belt - Extra Wide Extra Long Weight Loss Sauna for Your Stomach & Back Pain Support - Trim Curves, Contour & Strengthen Abs, Burn Fat, Improve Posture, Tummy Belt Workout While You Exercise, Adjustable Velcro, Free eBook Bonus, Money Back Guarantee",$19.75,USD,Also Viewed
B005ZHUTKE,B00LFQB6EW,VIVE Adjustable Waist Trimmer Belt w/ Zippers,$12.99,USD,Also Viewed
B0082AHX00,B00C847W5W,"Home Essence Madeline 5-Piece Comforter Set, King, Taupe",$85.00,USD,Also Viewed
B0082AHX00,B00MLK0L06,12 Pieces Brown Beige Bamboo Leaves Tropical Comforter Set King Size Bedding,$128.99,USD,Also Viewed
B0082AHX00,B00MI4TX68,"Chic Home Romantica 5-Piece Comforter Set, King, Silver",$126.46,USD,Also Viewed
B0082AHX00,B004WA8D8A,Aubrey 12 Piece Comforter Set Size: King,$155.99,USD,Also Viewed
B0082AHX00,B00DPDYRMQ,Madison Park Laurel 7 Piece Comforter Set - Ivory - King,$110.50,USD,Also Viewed
B000DLB2FI,B00T6TBJ5Q,"Eco-Carafe for Keurig 2.0, K300, K400, K500 Series",$17.99,USD,Also Viewed
B000DLB2FI,B009VIUI04,Keurig My K-Cup Replacement Coffee Filter Set fits B30 B40 B50 B60 B70 series,$0.18,USD,Also Viewed
B000DLB2FI,B00LHCCR92,"4 Permanent Coffee Filters for Keurig B30, B31, B40, B41, B60, B70, K40, K45, K65, K75. Replaces Keurig My K-cup(tm), Solofill(tm), Ekobrew(tm) and all other reusable coffee filters for Keurig Home Single Cup Brewing Systems",$6.00,USD,Also Viewed
B000DLB2FI,B00L03WH7A,"STK's Reusable K-Cups 3 Count for Keurig K-Cup Brewer K75, K45, B60, B70, B130, K40, B40, K60, B145, B150, B140, K150, K70, B30, K145, K155, B155, B44, B200, B3000, replaces Ecobrew, Solofil, and Kuerig My refillable K cup from SterlingTek",$14.99,USD,Also Viewed
B000DLB2FI,B00859FH7O,"Ekobrew Stainless Steel Elite, Refillable K-Cup For Keurig K-Cup Brewers",$15.00,USD,Also Viewed
B002E00RSY,B001XWD3LC,BEHRINGER EUROLIVE B212XL,$159.99,USD,Also Viewed
B002E00RSY,B003ZA4GRU,"MTX Model TP2400 ThunderPro2 Dual 12in Two Way Professional Loudspeaker System, Each",$229.95,USD,Also Viewed
B002E00RSY,B001AS5DQC,"Seismic Audio - Pair of Dual 15"" PA DJ SPEAKERS 1000 Watts PRO AUDIO - Band, Bar, Wedding, Church",$329.99,USD,Also Viewed
B002E00RSY,B0024L4H0C,"MTX Audio Pro 2 TP1100 200 Watt 10"" DJ PA Studio Monitor Speaker",Too low to display,None,Also Viewed
B002E00RSY,B001NJ1V96,"T9922-44 - MTX Audio 22"" 6000 Watt Jackhammer Subwoofer","$3,250.00",USD,Also Viewed
B000072UPN,B00NI971XE,Converse Chuck Taylor All Star HI Unisex Shoes Black Monochrome m3310,$36.05,USD,Also Viewed
B000072UPN,B00NAUMIB6,Converse Unisex Chuck Taylor All Star Hi Top Optical White Sneaker,$36.05,USD,Also Viewed
B000072UPN,B0027749GK,Converse Men's CONVERSE CHUCK TAYLOR ALL STAR HIGH,$33.00,USD,Also Viewed
B000072UPN,B008DKV8UU,Converse Unisex All Star Hi Navy Chuck Taylor M9622 Shoes,$32.83,USD,Also Viewed
B000072UPN,B004X33PQQ,Converse Unisex Chuck Taylor A/S Lthr HI Basketball Shoe,$44.05,USD,Also Viewed
B00G7LEZUW,B000TYD4H8,Body Benefits by Conair Heated Massaging Seat Cushion,$25.02,USD,Also Viewed
B00G7LEZUW,B0046KIJ12,"ValueRays Chair Warmer, USB Heated Warm Chair Pad, Infrared Heat Chair Pad, Warm Office Chair Pad",$34.95,USD,Also Viewed
B00G7LEZUW,B0067VHGKS,"Innovative Textile Microfiber Chair Furniture Protector, Natural",$19.01,USD,Also Viewed
B00G7LEZUW,B00CH5JJTY,"Innovative Textile Solutions Microfiber Wing Recliner Protector, Chocolate",$28.19,USD,Also Viewed
B00G7LEZUW,B004ZJOLFC,"K&H Thermo Heated Furniture Cover for Chair, Tan",$51.49,USD,Also Viewed
B0015MLH1S,B0015MI4FA,"Pet Gear I-GO2 Traveler Roller Backpack for cats and dogs, Copper",$49.60,USD,Also Viewed
B0015MLH1S,B0015MI4JQ,"Pet Gear I-GO2 Traveler Roller Backpack for cats and dogs, Pink",$49.40,USD,Also Viewed
B0015MLH1S,B0012SOUAA,"Snoozer Roll Around 4-in-1 Pet Carrier, Black, Medium",$82.14,USD,Also Viewed
B0015MLH1S,B0015MFZNE,"Pet Gear I-GO2 Traveler Roller Backpack for cats and dogs, Black",$44.99,USD,Also Viewed
B0015MLH1S,B0015MFZSY,"Pet Gear I-GO2 Traveler Roller Backpack for cats and dogs, Sage",$44.99,USD,Also Viewed
B00GSPHSVU,B007B2SY8A,"Sand Master 71225 Above Ground Swimming Pool 13"" Sand Filter with Pump for Intex",$119.99,USD,Also Viewed
B00GSPHSVU,B0029T2GQQ,Intex size pool sand filter 14 inch sand filter with valve and 0.2 HP pump similar to Hayward VL 40 T 32,$139.00,USD,Also Viewed
B00GSPHSVU,B000RSICZU,Hose Conversion Adapters kit for Intex 1500gph and 2500gph pumps,$29.95,USD,Also Viewed
B00GSPHSVU,B002V1H11W,"Intex 3,000-Gallon Sand Filter Pump (Discontinued by Manufacturer)",None,None,Also Viewed
B00GSPHSVU,B004DCANM6,"Intex 14-Inch Krystal Clear Sand Filter Pump, 110-120 Volt with GFCI  (Older Model) (Discontinued by Manufacturer)",None,None,Also Viewed
B002NGQM5G,B00MTF4MVW,ECVISION 1500ML 1.5L LED Ultrasonic Aroma Diffuser Humidifier Aromatherapy Air Purifier Mist with 7 Auto Colors Changings and Mist Adjustment Mode (White),$34.50,USD,Also Viewed
B002NGQM5G,B00LWTGD90,"Holmes Ultrasonic Whale Humidifier, HUL2622W-UM",$39.42,USD,Also Viewed
B002NGQM5G,B0015M7ZMI,Crane Adorable Ultrasonic Cool Mist Humidifier with 2.1 Gallon Output per Day - Dragon,$39.95,USD,Also Viewed
B002NGQM5G,B0050LY2DU,Crane Adorable Ultrasonic Cool Mist Humidifier with 2.1 Gallon Output per Day - Owl,$39.99,USD,Also Viewed
B002NGQM5G,B002NGOT88,Sunpentown Blue Dolphin Ultrasonic Humidifier,$19.74,USD,Also Viewed
B00BHOMPJ2,B00BK37U9U,Reebok Men's Ace Fashion Sneaker,$25.02,USD,Also Viewed
B00BHOMPJ2,B000AP3W82,Reebok Men's Club C Sneaker,$33.99,USD,Also Viewed
B00BHOMPJ2,B00DZ269GY,Reebok Royal Glide Mens Running Shoe,$29.99,USD,Also Viewed
B00BHOMPJ2,B00AHWC7QQ,Reebok Men's Work N Cushion Walking Shoe,$37.61,USD,Also Viewed
B00BHOMPJ2,B0032UYJ1G,Reebok Men's Club C Classic Sneaker,$39.95,USD,Also Viewed
B004W4519U,B00I08JAYG,"Keurig, The Original Donut Shop, Regular, Medium Extra Bold, K-Cup packs, 72 Count",$39.95,USD,Also Viewed
B004W4519U,B008YA1AVG,"Coffee People Medium Roast Extra Bold K-Cup for Keurig Brewers, The Original Donut Shop Decaf Coffee (Pack of 88)",$49.49,USD,Also Viewed
B004W4519U,B006N3HZD8,"Coffee People Donut Shop Decaf Medium Roast Extra bold,  22-Count K-Cup Portion Pack for Keurig Brewers",$13.42,USD,Also Viewed
B004W4519U,B0029XDZIK,"Keurig, The Original Donut Shop, Medium Roast, K-Cup Counts, 50 Count",$31.99,USD,Also Viewed
B004W4519U,B00IOXUJRY,"Keurig, The Original Donut Shop, K-Cup packs (Regular - Medium Roast Extra Bold, 24 Count)",$12.99,USD,Also Viewed
B00FSDXVO6,B004BJKRN6,Nine West Women's Danee Platform Pump,$6.99,USD,Also Viewed
B00FSDXVO6,B0043PBUMU,Chinese Laundry Women's Hotness Pump,$17.99,USD,Also Viewed
B00FSDXVO6,B00HK0LPK2,Enzo Angiolini Maiven Womens Peep Toe Pumps Heels Shoes,$4.99,USD,Also Viewed
B00FSDXVO6,B00UZSIGKI,Ollio Women's Shoe Open Toe High Heel Basic Pump,$54.99,USD,Also Viewed
B00FSDXVO6,B004NCHFZE,HK by Heidi Klum Women's Maria Peep-Toe Pump,$24.94,USD,Also Viewed
B00FJD2PRO,B00HF774WI,PUMA Men's Voltaic 5 Mesh Camo Training Shoe,$60.61,USD,Also Viewed
B00FJD2PRO,B00HF774UK,PUMA Men's Cell Surin Nubuck Cross-Training Shoe,$64.00,USD,Also Viewed
B00FJD2PRO,B00LV77X06,PUMA Men's Cell Surin Glitch Cross-Training Shoe,$46.98,USD,Also Viewed
B00FJD2PRO,B00FJC16VQ,PUMA Men's Voltaic 5 Cross-Training Shoe,$35.99,USD,Also Viewed
B00FJD2PRO,B009ZPQIZW,PUMA Men's Cell Surin Cross-Training Shoe,$42.30,USD,Also Viewed
B00200JX4C,B004OYYAUE,The Magic School Bus - Chemistry Lab,$31.44,USD,Also Viewed
B00200JX4C,B001RED0EG,SmartLab Toys Extreme Secret Formula,$12.42,USD,Also Viewed
B00200JX4C,B000E0DYOU,Be Amazing Lab-in-a-Bag Test Tube Wonders,$12.59,USD,Also Viewed
B00200JX4C,B00BUPFPLI,Smithsonian Science Activities Robo Spider Kit,$11.06,USD,Also Viewed
B00200JX4C,B000ALGY6I,Science Wiz - Chemistry Plus Experiment Kit,$10.00,USD,Also Viewed
B000JQ9N3A,B007WEMBZO,QXE3051 1959 Gillham Special Kiddie Cars Classics 2012 Limited Quantity Hallmark Keepsake Club Exclusive Ornament,$4.99,USD,Also Viewed
B000JQ9N3A,B001BNT0MY,Hallmark Keepsake Ornament - Kiddie Car Classics Murray Fire Truck (1995) QX5027,$3.49,USD,Also Viewed
B000JQ9N3A,B002ULIGG2,Hallmark Kiddie Car Classics Ornament - Murray Champion - 1st in Series - 1994 (QX5426),$3.25,USD,Also Viewed
B00G3EI8QU,B007CDZ904,Franklin Sports Neo Classic II Adult 2013 Series Batting Glove,$9.88,USD,Also Viewed
B00G3EI8QU,B00O0UW8L0,Franklin Sports The Natural II Batting Gloves,$16.55,USD,Also Viewed
B00G3EI8QU,B00NLAEZNY,Franklin Sports 2014 MLB CFX Custom Pro Batting Gloves,$24.95,USD,Also Viewed
B00G3EI8QU,B00NLAC5ZO,Franklin Sports 2013 MLB CFX Pro Batting Gloves,$21.07,USD,Also Viewed
B00G3EI8QU,B00A5P1RV6,Nike GB0332 Diamond Elite Edge II Batting Gloves - Adult - White/Game Royal,$9.00,USD,Also Viewed
B007PK93KQ,B00FR6SP4K,RCA DECG185R 19-Inch Class AC LED HDTV and DVD Combo,$150.60,USD,Also Viewed
B007PK93KQ,B00BLH1UE6,Proscan PLEDV2213 22-Inch 1080p 60Hz LED TV-DVD Combo,$159.99,USD,Also Viewed
B007PK93KQ,B007PK9AP4,"GPX TDE2282B 22"" LED TV/DVD Combo",$262.00,USD,Also Viewed
B007PK93KQ,B004YOGR1E,NAXA NTD-2252 22-Inch Widescreen Full 1080p HD LED TV with Built-in Digital TV Tuner and USB/SD Inputs and DVD Player,$193.99,USD,Also Viewed
B007PK93KQ,B00FR6SPO0,"RCA 22"" TV/DVD Combo - HDTV 1080p - 16:9 - 1920 x 1080 - 1080p DECG215R",$159.99,USD,Also Viewed
B00ENFVJJO,B00IB02RD4,Dual Charging Station for Playstation 4 Controller,$7.50,USD,Also Viewed
B00ENFVJJO,B00FMNNQE2,Dualshock 4 Charging Cradle&#xFF08;japan Import),$3.50,USD,Also Viewed
B00ENFVJJO,B00FLLFJ68,Nyko Charge Base - PlayStation 4,$16.98,USD,Also Viewed
B00ENFVJJO,B00MUTAU4A,Nyko Modular Charge Station - PlayStation 4,Too low to display,None,Also Viewed
B00ENFVJJO,B00TEDK8FQ,Ortz PS4 Vertical Stand with Cooling Fan,$24.99,USD,Also Viewed
B0013HNL9G,B001M07B54,Backyard Baseball 2010 - Nintendo DS,$43.80,USD,Also Viewed
B0013HNL9G,B0036EBAMY,Sandlot Sluggers - Nintendo DS,$9.99,USD,Also Viewed
B0013HNL9G,B000A2R54M,Mario Kart DS,$21.99,USD,Also Viewed
B0013HNL9G,B000O5FSNA,Backyard Hockey - Nintendo DS,$65.00,USD,Also Viewed
B0013HNL9G,B001LZZYWW,Backyard Baseball 2010 - Nintendo Wii,$27.75,USD,Also Viewed
B007XVTR3K,B00519C7CE,Call of Duty: Black Ops LTO Edition - Xbox 360,$17.36,USD,Also Viewed
B007XVTR3K,B0050SWNGQ,Call of Duty: Black Ops II [Hardened Edition] - Xbox 360,$88.88,USD,Also Viewed
B007XVTR3K,B00CHGYUE2,Call of Duty: Black Ops II (Revolution Map Pack Included) - Xbox 360,$31.36,USD,Also Viewed
B007XVTR3K,B007XVTR12,Call of Duty: Black Ops II - PC,$11.56,USD,Also Viewed
B007XVTR3K,B003JVKHEQ,Call of Duty: Black Ops - Xbox 360,$19.90,USD,Also Viewed
B002BS47L2,B000RW3V84,Arctic Tale - Nintendo Wii,$9.89,USD,Also Viewed
B002BS47L2,B000WINB56,"Endless Ocean: Dive, Discover, Dream",$30.99,USD,Also Viewed
B002BS47L2,B00163ROMC,Deadly Creatures - Nintendo Wii,$46.90,USD,Also Viewed
B002BS47L2,B003LDKIQ4,Go Vacation - Nintendo Wii,$18.70,USD,Also Viewed
B002BS47L2,B000RW3V70,Sea Monsters - Nintendo Wii,$49.95,USD,Also Viewed
B001AZFSCY,B002BS4JDS,LEGO Harry Potter: Years 1-4 - Xbox 360,$13.95,USD,Also Viewed
B001AZFSCY,B0087OXXGY,Harry Potter for Kinect - Xbox 360,$16.07,USD,Also Viewed
B001AZFSCY,B003R3JNN2,Harry Potter and the Deathly Hallows Part 1,$35.91,USD,Also Viewed
B001AZFSCY,B00006IJJO,Harry Potter and the Chamber of Secrets,$54.04,USD,Also Viewed
B001AZFSCY,B000930DQE,Harry Potter and the Goblet of Fire - Xbox,$29.00,USD,Also Viewed
B00AY1CT3G,B001UU1WN8,Madden NFL 10 - Playstation 3,$0.01,USD,Also Viewed
B00AY1CT3G,B002I0J4FW,Madden NFL 11 - Playstation 3,$0.99,USD,Also Viewed
B00AY1CT3G,B00AY1ALVS,NCAA Football 14 - Playstation 3,$35.00,USD,Also Viewed
B00AY1CT3G,B006VB2UMI,Madden NFL 13 - Playstation 3,$3.64,USD,Also Viewed
B00AY1CT3G,B00CF7KVGE,Madden NFL 25 Anniversary Edition with NFL Sunday Ticket - Playstation 3,None,None,Also Viewed
B00542XG96,B0009350CQ,Need for Speed Most Wanted - Sony PSP,$21.59,USD,Also Viewed
B00542XG96,B001KMRN0M,PlayStation Portable 3000 Core Pack System - Piano Black,$114.99,USD,Also Viewed
B00542XG96,B002I0K24E,Madden NFL 12 - Sony PSP,$26.39,USD,Also Viewed
B00542XG96,B002ELCUHY,NBA 10 - Sony PSP,$1.98,USD,Also Viewed
B00542XG96,B002I0GZBI,Madden NFL 11 - Sony PSP,$16.99,USD,Also Viewed
B000FW9NE2,B002FCEVYM,Pokmon Mystery Dungeon: Explorers of Sky,$64.99,USD,Also Viewed
B000FW9NE2,B00YC7DZP4,Pokemon Super Mystery Dungeon - Nintendo 3DS,$39.99,USD,Also Viewed
B000FW9NE2,B000FW57CE,Pokemon Mystery Dungeon Red Rescue Team,$51.50,USD,Also Viewed
B000FW9NE2,B000G75AXE,Pokemon Ranger,$75.00,USD,Also Viewed
B000FW9NE2,B0014DHIL6,Pokemon Mystery Dungeon: Explorers of Time,$34.99,USD,Also Viewed
B008J16AG0,B00KTNSKZU,Just Dance 2015 - Wii,$19.99,USD,Also Viewed
B008J16AG0,B00D7UHT0E,Just Dance 2014 - Nintendo Wii,$9.00,USD,Also Viewed
B008J16AG0,B0081AWU4A,Just Dance Greatest Hits - Nintendo Wii,$17.80,USD,Also Viewed
B008J16AG0,B0056GJVQW,Just Dance Summer Party - Nintendo Wii,$12.95,USD,Also Viewed
B008J16AG0,B0058LTE5S,The Black Eyed Peas Experience - Nintendo Wii,$0.01,USD,Also Viewed
B003TJTVO0,B005UEW6QM,Prank Pack iArm,$5.21,USD,Also Viewed
B003TJTVO0,B00273ZAH6,Birthday Party Bash - Nintendo Wii,$4.00,USD,Also Viewed
B003TJTVO0,B007ANL5LS,The Ultimate Prank Kit No.1,$29.99,USD,Also Viewed
B003TJTVO0,B00KIX363W,Box of Pranks,$25.95,USD,Also Viewed
B003TJTVO0,B003LDKIQ4,Go Vacation - Nintendo Wii,$18.70,USD,Also Viewed
B003NSECXC,B001RXB4SG,Walt Disney Pictures Presents Hannah Montana The Movie - Xbox 360,$7.49,USD,Also Viewed
B003NSECXC,B001DAVT0G,Rock Revolution - Xbox 360 (Game),$0.01,USD,Also Viewed
B003NSECXC,B005EW5ZQ8,uDraw Marvel Super Hero Squad: Comic Combat - Xbox 360,$0.67,USD,Also Viewed
B003NSECXC,B000S1MMEI,Avatar: The Burning Earth - Xbox 360,$59.98,USD,Also Viewed
B003NSECXC,B002HWUUDG,Backyard Football 2010 - Xbox 360,$99.37,USD,Also Viewed
B009DZTXQU,B005CGOG8E,Saints Row: The Third Platinum Pack Collector's Edition - Playstation 3,$39.99,USD,Also Viewed
B009DZTXQU,B00D6P9IC2,Saints Row IV - Super Dangerous Wub Wub Edition - Playstation 3,$134.01,USD,Also Viewed
B009DZTXQU,B00N23Z8VI,Saints Row: Gat out of Hell,$14.00,USD,Also Viewed
B009DZTXQU,B004QEWVLC,Saint's Row: The Third - Playstation 3,$6.09,USD,Also Viewed
B009DZTXQU,B0016PZYLS,Saints Row 2 - Playstation 3,$20.00,USD,Also Viewed
B000B6ML28,B000FRVCAA,Forza Motorsport 2 - Xbox 360,$9.31,USD,Also Viewed
B000B6ML28,B001TOMQTY,Need For Speed Shift,$8.26,USD,Also Viewed
B000B6ML28,B002BSA2LQ,Forza Motorsport 3 - Xbox 360,$8.99,USD,Also Viewed
B000B6ML28,B003O6N266,Need for Speed: The Run - Xbox 360,$10.60,USD,Also Viewed
B000B6ML28,B000UKZ20S,Project Gotham Racing 4 - Xbox 360,$6.95,USD,Also Viewed
B002I0H2G0,B00B01X08W,Hitman Absolution WLMT - Playstation 3,$9.99,USD,Also Viewed
B002I0H2G0,700026398,Hitman: Absolution,None,None,Also Viewed
B002I0H2G0,B00198PO5I,Mafia II - Playstation 3,$6.99,USD,Also Viewed
B002I0H2G0,B00AA4FDSA,Hitman Trilogy HD Premium Edition - Playstation 3,$33.49,USD,Also Viewed
B002I0H2G0,B0076ZQSFI,Sleeping Dogs - Playstation 3,$6.65,USD,Also Viewed
B0019R4VF8,B000C4088I,Sonic Riders - PlayStation 2,$6.02,USD,Also Viewed
B0019R4VF8,B003M986Y8,Hasbro Family Game Night 3 - Playstation 3,$38.88,USD,Also Viewed
B0019R4VF8,B0019R4VEY,Monopoly - PlayStation 2 (Worldwide),$29.35,USD,Also Viewed
B0019R4VF8,B000GFV00S,Ultimate Board Game Collection - PlayStation 2,$0.99,USD,Also Viewed
B0019R4VF8,B0050SXPBI,Carnival Island - Playstation 3,$2.01,USD,Also Viewed
B0036EBAHY,B00647630Y,Major League Baseball 2K12 - Xbox 360,$67.99,USD,Also Viewed
B0036EBAHY,B000NZY5K8,The Bigs - Xbox 360,$65.99,USD,Also Viewed
B0036EBAHY,B00ARCWQOO,MLB 2K13 - Xbox 360,$82.99,USD,Also Viewed
B0036EBAHY,B003LDKHZ6,Little League World Series 2010 - Xbox 360,$11.74,USD,Also Viewed
B0036EBAHY,B0000645ZF,"Backyard Baseball, 2003",$9.95,USD,Also Viewed
B00345BY80,B00MHTF2Z0,EvoShield MLB Protective Wrist Guard,$18.99,USD,Also Viewed
B00345BY80,B00S1C87O0,EvoShield Prostyle Batting Gloves,$35.98,USD,Also Viewed
B00345BY80,B001Q9QNBO,Easton Baseball Batters Shin Protector,$21.95,USD,Also Viewed
B00345BY80,B00879UWFY,EvoShield Protective Wrist Guard,$7.56,USD,Also Viewed
B00345BY80,B00CQRYCJA,Evoshield Women's Fastpitch Softball Batter's Leg Guard,$29.87,USD,Also Viewed
B00879UPTM,B006UHJY9A,EvoShield Softball Protective Wrist Guard,$15.36,USD,Also Viewed
B00879UPTM,B006HCS4DU,EvoShield Protective Slash Guards,$34.90,USD,Also Viewed
B00879UPTM,B00O2H9KEE,Evoshield EvoSleeve Wrist Compression,$9.26,USD,Also Viewed
B00879UPTM,B00MHTE8DW,EvoShield A150 Protective Wrist Guard,$14.95,USD,Also Viewed
B00879UPTM,B00879VML2,EvoShield Compression Wrist Sleeve with Performance Elastic Strap,$12.95,USD,Also Viewed
B00CPTOB0E,B00MHTEECW,EvoShield A160 Wrist with Strap,$16.18,USD,Also Viewed
B00CPTOB0E,B006HCS4DU,EvoShield Protective Slash Guards,$34.90,USD,Also Viewed
B00CPTOB0E,B008FYZ6GG,Evoshield Wrist Guard System Small Digital Camo,$23.25,USD,Also Viewed
B00CPTOB0E,B00O2H9KEE,Evoshield EvoSleeve Wrist Compression,$9.26,USD,Also Viewed
B00CPTOB0E,B00MHTF2Z0,EvoShield MLB Protective Wrist Guard,$18.99,USD,Also Viewed
B00CF0RA4M,B00KR9D2G8,EvoShield Men's Performance Crew Socks,$3.98,USD,Also Viewed
B00CF0RA4M,B00OPDUTUO,Evoshield Mens Digi Camotraining Hoody,$19.98,USD,Also Viewed
B00CF0RA4M,B00HYW96QG,Evoshield Men's Crossed Bats TShirt ,None,None,Also Viewed
B00CF0RA4M,B00I3L9X8I,Evoshield Mens Training Long Sleeve Shirts,$17.98,USD,Also Viewed
B00CF0RA4M,B00IAA2E7E,Evoshield Youth 3/4 Sleeve Shirt,$14.98,USD,Also Viewed
B000Q9YZ10,B00JBKVN8S,"Brother XM2701 Lightweight, Full-Featured Sewing Machine with 27 Stitches, 1-Step Auto-Size Buttonholer, 6 Sewing Feet, and Instructional DVD",$94.74,USD,Also Viewed
B000Q9YZ10,B000EOX28E,"Brother LS2125i Easy-to-Use, Everyday Sewing Machine with 10 stitches including Blind Hem and Zigzag, and 4-Step Auto Buttonhole",$77.71,USD,Also Viewed
B000Q9YZ10,B002JX6M08,SINGER QUICKFIX MEND MACHINE,$45.98,USD,Also Viewed
B000Q9YZ10,B000F7DPEQ,Brother XL2600I Sew Advance Sew Affordable 25-Stitch Free-Arm Sewing Machine,$82.88,USD,Also Viewed
B000Q9YZ10,B00HHMGVAW,SINGER Factory Serviced 5400 Fashion Mate 60-Stitch Electronic Sewing Machine with 4 Buttonhole Styles and Variable Needle Positions,$81.11,USD,Also Viewed
B006SFRPUO,B00KASLK1A,Duofold Women's Varitherm Performance Mid-Weight Thermal Legging,$7.34,USD,Also Viewed
B006SFRPUO,B00MPR5FXI,Cuddl Duds Women's Thermal Crew Top,$6.22,USD,Also Viewed
B006SFRPUO,B00KASLRJ0,Duofold Women's Varitherm Performance Base Layer Thermal Long Sleeve Top,$15.84,USD,Also Viewed
B006SFRPUO,B00KASLK3S,Duofold Women's Varitherm Performance Base Layer Thermal Leggings,$16.00,USD,Also Viewed
B006SFRPUO,B006SFRKP4,Duofold Women's Mid Weight Thermal Wicking Leggings,$8.80,USD,Also Viewed
B000FX99F4,B000XETPPY,"Timberland PRO Men's Pitboss 6"" Steel-Toe Boot",$94.95,USD,Also Viewed
B000FX99F4,B000XEOG7Q,"Timberland PRO Men's Direct Attach 6"" Steel Toe Boot",$117.76,USD,Also Viewed
B000FX99F4,B000XEOHJI,Timberland PRO Men's Soft Toe Boot,$113.50,USD,Also Viewed
B000FX99F4,B0028N7KDC,"Timberland Pro Men's Powerwelt 6"" Steel Toe Workboot",$58.87,USD,Also Viewed
B000FX99F4,B001R4BY9E,"Caterpillar Men's 2nd Shift 6"" Steel Toe Boot",$59.99,USD,Also Viewed
B004ZD2FL0,B00L1HJBII,"HLC.ME Bryant Energy-Saving Blackout Window Curtain Grommet Panels - Pair - 84"" inch Long (Red)",$24.99,USD,Also Viewed
B004ZD2FL0,B00608IHIS,"Sun Zero Celestia 54 by 84-Inch Room Darkening Curtain Panel, Taupe",$9.79,USD,Also Viewed
B004ZD2FL0,B004ZD2IKI,Eclipse Thermaback Microfiber Grommet Blackout Window Panel,$16.82,USD,Also Viewed
B004ZD2FL0,B00VQYRODU,"HLC.ME Paris Paisley Damask Thermal Blackout Grommet Window Curtain Panels - Pair - 84"" inch Long (Sage Green)",$29.99,USD,Also Viewed
B004ZD2FL0,B00ECPAFVI,"Eclipse Patricia Blackout Grommet Curtain Panel, 84-Inch, Cafe",$24.99,USD,Also Viewed
B004NK6DFE,B00NLAC5ZO,Franklin Sports 2013 MLB CFX Pro Batting Gloves,$21.07,USD,Also Viewed
B004NK6DFE,B007CDZ904,Franklin Sports Neo Classic II Adult 2013 Series Batting Glove,$9.88,USD,Also Viewed
B004NK6DFE,B00NOU4QPI,Franklin Sports Neo Classic Series Batting Gloves,$9.88,USD,Also Viewed
B004NK6DFE,B00O0UY6MO,Franklin Sports MLB Cold Weather Pro Batting Gloves,$10.36,USD,Also Viewed
B004NK6DFE,B00O0UW8L0,Franklin Sports The Natural II Batting Gloves,$16.55,USD,Also Viewed
B00FAW3ZPU,B00NPBOIKO,Lizard Skins DSP 0.5 mm Camouflage Dura Soft Polymer Baseball/Softball Bat Grip,$12.00,USD,Also Viewed
B00FAW3ZPU,B00GVEEIUC,"Lizard Skins Bat Grip, 1.8mm",$9.00,USD,Also Viewed
B00FAW3ZPU,B00W83B21S,Lizard Skins Camo Bat Grip,$14.00,USD,Also Viewed
B00FAW3ZPU,B00VQUJK22,"Lizard Skins Camo Bat Wrap, 0.5 MM (Yamasaki Camo)",$12.00,USD,Also Viewed
B00FAW3ZPU,B00NPBOKBG,Lizard Skins DSP 0.5 mm Camouflage Dura Soft Polymer Baseball/Softball Bat Grip,$12.00,USD,Also Viewed
B00FDPZEBC,B00GQPAXGY,Louisville Slugger 11.75-Inch FG HD9 Baseball Infielders Gloves,$57.90,USD,Also Viewed
B00FDPZEBC,B00NYL5KLQ,Louisville Slugger HD9 12.75 inch Baseball Glove,$64.90,USD,Also Viewed
B00FDPZEBC,B00S18EPSG,Louisville Slugger FGHDWT5 HD9 White Fielding Glove,$59.27,USD,Also Viewed
B00FDPZEBC,B00S18DOKG,Louisville Slugger FGHDRL5 HD9 Royal Fielding Glove,$79.00,USD,Also Viewed
B00FDPZEBC,B00GQPCAYC,Louisville Slugger 12-Inch FG Omaha Select Baseball Infielders Gloves,$35.04,USD,Also Viewed
B00EZKGKAK,B00ELD6VXC,Easton 2014 S400 SL14S400 Baseball Bat (-8),$50.33,USD,Also Viewed
B00EZKGKAK,B00MIS0VC4,Louisville Slugger SLO515X Senior League Omaha 515 Baseball Bat,$79.98,USD,Also Viewed
B00EZKGKAK,B0093Y5DVK,Louisville Slugger Senior League 2013 2 3/4-Inch Omaha Baseball Bat,$79.99,USD,Also Viewed
B00EZKGKAK,B00FW3M558,Louisville Slugger 2014 Assault -10 Big Barrel 2 5/8 Baseball Bats -10,$89.88,USD,Also Viewed
B00EZKGKAK,B00ELD69PW,Easton 2014 XL3 JBB14X3 Baseball Bat (-10),$54.80,USD,Also Viewed
B00BXKGOPQ,B00NZV2BIU,"Nike Los Angeles Dodgers MLB (Glow in the Dark) ""Lights Out"" Track Jacket",$79.99,USD,Also Viewed
B00BXKGOPQ,B003NZMWAK,Los Angeles Dodgers Premiere Elevation Therma Base Blue Jacket by Majestic,$119.88,USD,Also Viewed
B00BXKGOPQ,B003YC2J64,"MLB Los Angeles Dodgers Long Sleeve Lightweight Full Zip Thermabase Premier Jacket, Royal/White",$75.00,USD,Also Viewed
B00BXKGOPQ,B00SDNL0BY,"Los Angeles Dodgers MLB Authentic Collection Gamer Jacket, Big",$64.95,USD,Also Viewed
B00BXKGOPQ,B00SCLJ050,MLB Los Angeles Dodgers Mens Zip-Up Track Jacket with Embroidered Logo,$93.99,USD,Also Viewed
B003Z72L1G,B00NDC0XCW,SAN JOSE SHARKS NHL MICKEY MOUSE WITH THROW COMBO,$25.00,USD,Also Viewed
B003Z72L1G,B00HB5ZAOI,"The Northwest Company NHL San Jose Sharks Ice Dash Micro Raschel Throw, 46-Inch by 60-Inch",$22.99,USD,Also Viewed
B003Z72L1G,B00NDBJ1D0,SAN JOSE SHARKS NHL ROYAL PLUSH RASCHEL BLANKET (BANNER SERIES) (60X80),$40.99,USD,Also Viewed
B003Z72L1G,B00PFMVYWG,Northwest NOR-1NHL031020020RET 50 x 60 in. San Jose Sharks NHL Light Weight Fleece Blanket&#44; Fadeaway Series,$16.88,USD,Also Viewed
B003Z72L1G,B009H2698O,San Jose Sharks Nhl Royal Plush Raschel Blanket Banner Series 60X80 Inch Inch,$41.00,USD,Also Viewed
B0030W2NLE,B007C0EH4Q,Phiten Titanium Necklace - X30 Edge,$25.00,USD,Also Viewed
B0030W2NLE,B00XS6JK9A,Phiten Rakuwa Titanium Necklace X100 Chopper Model Sports Care Designed in JAPAN [Japan Import],$76.75,USD,Also Viewed
B0030W2NLE,B00ESYR5DY,Phiten Shader Titanium Necklace,$21.75,USD,Also Viewed
B0030W2NLE,B00NLKCXVA,"Phiten Classic Titanium Necklace 16""",$24.00,USD,Also Viewed
B0030W2NLE,B00ESYPS2O,Phiten Air Titanium Necklace,$14.99,USD,Also Viewed
B006K6DJ42,B00D3DTF5M,Timex Women's T2P2289J Weekender Olive Slip-Thru Nylon Strap Watch,$19.40,USD,Also Viewed
B006K6DJ42,B00B2I15R6,Timex Women's T2P0739J Weekender Sea Foam Green Slip Thru Nylon Strap Watch,$30.89,USD,Also Viewed
B006K6DJ42,B00B2I133C,Timex Women's T2P0759J Weekender Pastel Blue Slip Thru Nylon Strap Watch,$24.94,USD,Also Viewed
B006K6DJ42,B0083W5688,Timex Women's T2N914 Weekender Mid-Size Slip-Thru Berry Nylon Strap Watch,$26.49,USD,Also Viewed
B006K6DJ42,B00D3DTNUY,"Timex Women's T2P2269J ""Weekender"" Purple Slip-Thru Nylon Strap Casual Watch",$34.95,USD,Also Viewed
B0033GO2DE,B00SNMCM1W,"Polo Ralph Lauren Men Classic Fit Pony Logo T-shirt (Large, Charter Purple)",$59.99,USD,Also Viewed
B0033GO2DE,B004QN2PHS,Ralph Lauren Men's the Interlock T-Shirt,$42.61,USD,Also Viewed
B0033GO2DE,B003L2EWGW,Polo Ralph Lauren Men Custom Fit Mesh Polo Shirt,$35.00,USD,Also Viewed
B0033GO2DE,B00SNMCLVS,"Polo Ralph Lauren Men Classic Fit Pony Logo T-shirt (XX-Large, Charter Purple)",$59.99,USD,Also Viewed
B0033GO2DE,B00SNMCLYK,"Polo Ralph Lauren Men Classic Fit Pony Logo T-shirt (Medium, Charter Purple)",$59.99,USD,Also Viewed
B003YM5HH2,B00LODRMBW,Waterford Monique Lhuillier Frame 5x7,None,None,Also Viewed
B003YM5HH2,B00OWM4MM4,Waterford Padova Silver Frame 5 X 7,$80.00,USD,Also Viewed
B003YM5HH2,B00OWLEE96,Waterford Lismore Diamond Photo Frame 5 X 7,$100.00,USD,Also Viewed
B003YM5HH2,B0000CCZDM,Waterford Classic 8 by 10 Frame,$103.39,USD,Also Viewed
B003YM5HH2,B0000CCZDR,Waterford Classic 5 by 7 Frame,$78.00,USD,Also Viewed
B00AOCEABY,B0055X9GM0,PUMA Women's Soleil Suede Sneaker,$48.99,USD,Also Viewed
B00AOCEABY,B00LUJTR5O,PUMA Women's Soleil V2 Patent Classic Sneaker,$29.85,USD,Also Viewed
B00AOCEABY,B00750SIWU,PUMA Women's Janine Dance Shoe,$25.99,USD,Also Viewed
B00AOCEABY,B003MAJV50,PUMA Women's Etoile Suede 2 Sneaker,$62.67,USD,Also Viewed
B00AOCEABY,B00H85FUIC,Puma Womens Etoile Suede 2 Sneakers Shoes-Black/Prism Violet/Lavendula,$63.00,USD,Also Viewed
B005NSLDBO,B005110PXA,Satellite Oasis Directv Hd Satellite Dish Rv Tripod Kit,$134.12,USD,Also Viewed
B005NSLDBO,B00AOF3EI6,VuQube Flex VQ2100 Portable Automatic Satellite Antenna,$611.00,USD,Also Viewed
B005NSLDBO,B00XKETIEW,DIRECTV SWiM Mobile RV Portable Satellite Dish Tripod Kit SWM SL3S,$152.99,USD,Also Viewed
B005NSLDBO,B00J52R33Q,Winegard GM-2035 White Carryout G2 Automatic Portable Satellite TV Antenna,Too low to display,None,Also Viewed
B005NSLDBO,B0051126KU,Directv 18 Inch Satellite Dish Rv Tripod Kit,$99.95,USD,Also Viewed
B0014X7B54,B0014X7B5E,Waste King L-3300 Legend Series 3/4 HP Continuous Feed Operation Garbage Disposer,Too low to display,None,Also Viewed
B0014X7B54,B000DZGN7Q,Waste King L-8000 Legend Series 1.0-Horsepower Continuous-Feed Garbage Disposal,Too low to display,None,Also Viewed
B0014X7B54,B000G837TW,InSinkErator Evolution Compact 3/4 HP Household Garbage Disposer,$189.99,USD,Also Viewed
B0014X7B54,B000LNIK6C,Waste King L-1001 Legend Series 1/2 HP Continuous Feed Operation Garbage Disposer,$56.16,USD,Also Viewed
B0014X7B54,B00146IJWK,Waste King 9920 Legend Series 1/2 HP Continuous Feed Operation Garbage Disposer,$74.00,USD,Also Viewed
B007KIWHWY,B002C058L2,"US Home Filter SC80-24X24X4 MERV 13 Pleated Air Filter (Pack of 3), 24"" x 24"" x 4""",$64.70,USD,Also Viewed
B007KIWHWY,B003RL8KN8,24 x 24 x 4 Merv 7 Furnace Filter 6 Pack,$54.17,USD,Also Viewed
B007KIWHWY,B0057BCV54,24x24x4 Merv 11 Furnace Filter (6 Pack),$71.54,USD,Also Viewed
B007KIWHWY,B008YXN6SS,"AIR HANDLER 24x24x4 Pleated Air Filter, MERV 7 (Case of 6)",$87.53,USD,Also Viewed
B007KIWHWY,B002C022CK,"US Home Filter SC60-24X24X4 MERV 11 Pleated Air Filter (Pack of 3), 24"" x 24"" x 4""",$52.95,USD,Also Viewed
B0035RNJXU,B000YMVB7K,Brand New 3Q MG-C11 Foot & Calf Massager Leg Ankle Massage,$219.99,USD,Also Viewed
B0035RNJXU,B006ZYZO88,"Massage King Leg, Knee, Ankle Massager With Heat Therapy",$409.99,USD,Also Viewed
B0035RNJXU,B0048L3PBI,"Shiatsu Foot Calf Massager with Heat Theraphy, the Relief That Legs Crave!!",$238.99,USD,Also Viewed
B0035RNJXU,B00LVH2MPC,Kendal Shiatsu Kneading Rolling Vibration Heating Foot & Calf Massager Personal Health Studio Leg Beautician red,$239.98,USD,Also Viewed
B0035RNJXU,B00OJMT5TM,HT-Reflex 2 Elite Foot and Calf Massager,$199.00,USD,Also Viewed
B0007QCP8M,B0000224UE,Victorinox Swiss Army SwissTool with Pouch,$89.00,USD,Also Viewed
B0007QCP8M,B00FQR0YYY,Victorinox Swiss Army Swisstool RS 53935 + Victorinox Paracord Bracelet Bundle,$104.99,USD,Also Viewed
B0007QCP8M,B00FPT3DBY,Victorinox Swiss Army SwissTool X - 53936 w/ Victorinox Paracord Bracelet,$94.99,USD,Also Viewed
B0007QCP8M,B000H3AL9A,Victorinox Swiss Army Spirit Plus Ratchet,$139.95,USD,Also Viewed
B0007QCP8M,B00GZJGSUG,Victorinox Swiss Army SwissTool Spirit Plus Swiss Army Knife/Pouch 53804,$115.95,USD,Also Viewed
B0018MRUN4,B007VMKI6G,Rockwell RK9034 JawStand XP Work Support Stand,$79.99,USD,Also Viewed
B0018MRUN4,B008X442KY,Rockwell RK9006 BenchJaw Hands-Free Bench Vise,$99.99,USD,Also Viewed
B0018MRUN4,B007XRFQKW,Rockwell RK9003 JawHorse Material Support and Saw Horse,$121.00,USD,Also Viewed
B0018MRUN4,B001CWX26Y,Keter 17182239 Folding Work Table,$78.99,USD,Also Viewed
B0018MRUN4,B005BTLXI8,Rockwell RK9002 JawHorse Sheetmaster hold and clamp 48-inch plywood sheets,$199.99,USD,Also Viewed
